{
  "project_info": {
    "project_number": "337070546920",
    "firebase_url": "https://gradproj-a8aae.firebaseio.com",
    "project_id": "gradproj-a8aae",
    "storage_bucket": "gradproj-a8aae.appspot.com"
  },
  "client": [
    {
      "client_info": {
        "mobilesdk_app_id": "1:337070546920:android:658225044caa7e0b45ce5d",
        "android_client_info": {
          "package_name": "kr.ac.pnu.cse.gradproj"
        }
      },
      "oauth_client": [
        {
          "client_id": "337070546920-3bq4sjvte1hcor8r1o992evfp66cg5ur.apps.googleusercontent.com",
          "client_type": 1,
          "android_info": {
            "package_name": "kr.ac.pnu.cse.gradproj",
            "certificate_hash": "6d83fd89e346869370f0922a510151f91aa0d344"
          }
        },
        {
          "client_id": "337070546920-qron1lcr1hsvv49cjjok7kjvq0qr3ktl.apps.googleusercontent.com",
          "client_type": 3
        }
      ],
      "api_key": [
        {
          "current_key": "AIzaSyAgIjBS0mLVAQTeFQKYU9xcA2LF9SHB7aY"
        }
      ],
      "services": {
        "appinvite_service": {
          "other_platform_oauth_client": [
            {
              "client_id": "337070546920-qron1lcr1hsvv49cjjok7kjvq0qr3ktl.apps.googleusercontent.com",
              "client_type": 3
            }
          ]
        }
      }
    }
  ],
  "configuration_version": "1"
}