{
  "project_info": {
    "project_number": "326382536737",
    "firebase_url": "https://picadventure-828cb.firebaseio.com",
    "project_id": "picadventure-828cb",
    "storage_bucket": "picadventure-828cb.appspot.com"
  },
  "client": [
    {
      "client_info": {
        "mobilesdk_app_id": "1:326382536737:android:0f0baa2863ce353c",
        "android_client_info": {
          "package_name": "com.group14.picadventure"
        }
      },
      "oauth_client": [
        {
          "client_id": "326382536737-dk3sg5jod61qs14c0vfifn6osbruj4p5.apps.googleusercontent.com",
          "client_type": 1,
          "android_info": {
            "package_name": "com.group14.picadventure",
            "certificate_hash": "2cfad7657b9f03c7f581d0f64e59bc9e79de8936"
          }
        },
        {
          "client_id": "326382536737-rut8418qvamtj9klklv53uns8p1b1phe.apps.googleusercontent.com",
          "client_type": 3
        }
      ],
      "api_key": [
        {
          "current_key": "AIzaSyBkltQRLbekP6NtSiSxoT5e-6zVQgNZct4"
        }
      ],
      "services": {
        "appinvite_service": {
          "other_platform_oauth_client": [
            {
              "client_id": "326382536737-rut8418qvamtj9klklv53uns8p1b1phe.apps.googleusercontent.com",
              "client_type": 3
            }
          ]
        }
      }
    }
  ],
  "configuration_version": "1"
}